年份, 百分比, 中标数, 批准号, 学科代码, 项目名称, 负责人, 单位, 金额, 开始日期, 完成日期
2018,,32,81870770, 牙周及口腔黏膜疾病(H1405),牙龈卟啉单胞菌脂多糖通过JMJD3-STAT3调控Th17细胞分化的机制研究,赵川江,中山大学,57,2019-01-19,2019-12-22
2018,,,81870763, 牙周及口腔黏膜疾病(H1405),BAFF信号在慢性牙周炎诱导肺组织损伤中的作用及机制研究,王左敏,首都医科大学,55,2019-01-19,2019-12-22
2018,,,81870779, 牙周及口腔黏膜疾病(H1405),上皮炎性衰老通过NLRC4/TLR5调控伴糖尿病牙周炎发生发展的研究,"	王琪","	四川大学",58,2019-01-19,2019-12-22
2018,,,81873715, 牙周及口腔黏膜疾病(H1405),lincRNA-EPS在LPS诱导性牙周炎发生发展中的作用及其机制研究,"	苏俭生","	同济大学	",53,2019-01-19,2019-12-22
2018,,,"81870771		", 牙周及口腔黏膜疾病(H1405),"牙龈卟啉单胞菌通过STAT1,3/FLI1/KRT途径调节口腔上皮细胞增殖和异常分化的作用机制研究	",潘亚萍,"	中国医科大学",53,2019-01-19,2019-12-22
2018,,,"81870772		", 牙周及口腔黏膜疾病(H1405),血凝素样低密度脂蛋白受体-1在Pg促进动脉粥样硬化形成中的作用及机制,"	欧阳翔英","	北京大学",57,2019-01-19,2019-12-22
2018,,,81870773, 牙周及口腔黏膜疾病(H1405),"		牙周炎引起的血小板活化对内皮细胞功能的影响",孟焕新,"		北京大学",57,2019-01-19,2019-12-22
2018,,,81870766, 牙周及口腔黏膜疾病(H1405),"		骨质疏松状态下巨噬细胞对CEMP1基因修饰BMSCs异体移植实现牙周组织再生的作用及机制研究	",骆凯,"	福建医科大学",57,2019-01-19,2019-12-22
2018,,,81870774, 牙周及口腔黏膜疾病(H1405),MFN2提升iPSCs向MSCs分化和牙周再生能力的作用及其机制研究,栾庆先,北京大学,57,2019-01-19,2019-12-22
2018,,,81870768, 牙周及口腔黏膜疾病(H1405),"		炎症环境中GSK3β调控内质网线粒体偶联影响牙周膜干细胞再生能力的机制研究	",李蓓,"	中国人民解放军第四军医大学",57,2019-01-19,2019-12-22
2018,,,"81870777		", 牙周及口腔黏膜疾病(H1405),"Drp1介导的线粒体功能障碍及NLRP3炎症小体活化在牙周炎中的作用及调控机制研究	",黄盛斌,"	温州医科大学",57,2019-01-19,2019-12-22
2018,,,"81873716		", 牙周及口腔黏膜疾病(H1405),负载SDF-1的羟基磷灰石纳米带/聚乳酸“双面神”复合膜促进牙周再生的研究,"	葛少华","	山东大学",57,2019-01-19,2019-12-22
2018,,,81870765, 牙周及口腔黏膜疾病(H1405),Caspase-11裂解Gasdermin D促细胞焦亡对牙龈卟啉单胞菌致慢性牙周炎发生发展的分子机制研究,丁佩惠,"	浙江大学",59,2019-01-19,2019-12-22
2018,,,"81870776		", 牙周及口腔黏膜疾病(H1405),炎性环境下lncRNA-Gm10435相关的ceRNA网络参与miR-155-3p/经典Wnt信号通路调控成牙骨质细胞分化的机制研究,曹正国,"		武汉大学	",53,2019-01-19,2019-12-22
2018,,,81800967, 牙周及口腔黏膜疾病(H1405),"环状RNA在细环病毒相关慢性牙周炎中作用机制的研究	","张羽	","上海交通大学	",21,2019-01-19,2019-12-22
2018,,,"81800978	", 牙周及口腔黏膜疾病(H1405),Del-1在牙龈卟啉单胞菌介导的牙周炎导致糖耐量异常中的作用及机制,张勇,"		北京大学	",21,2019-01-19,2019-12-22
2018,,,"81800985	", 牙周及口腔黏膜疾病(H1405),Smad6精氨酸甲基化调控LIPUS诱导的PDLSCs外泌体对牙周再生作用机制研究,张莛蔚,"	重庆医科大学",21,2019-01-19,2019-12-22
2018,,,81800980, 牙周及口腔黏膜疾病(H1405),"炎症微环境下FGF2/BMP2序贯缓释调控PI3K-AKT促进SHED移植修复牙周骨缺损的研究	",张男,"	山东大学	",21,2019-01-19,2019-12-22
2018,,,81800976, 牙周及口腔黏膜疾病(H1405),"		血小板在牙周炎宿主免疫炎症反应中的作用	","詹雅琳	","北京大学	",21,2019-01-19,2019-12-22
2018,,,"81800979		", 牙周及口腔黏膜疾病(H1405),"Let-7a-Fas/FasL信号通路介导骨髓间充质干细胞膜片修复牙周缺损的研究	",于洋,重庆医科大学,20,2019-01-19,2019-12-22
2018,,,"81800984		", 牙周及口腔黏膜疾病(H1405),"生物钟核心基因Bmal1通过调控IGF-1影响牙周炎发生发展的机制研究	","于然	","华中科技大学	",20,2019-01-19,2019-12-22
2018,,,"81800987		", 牙周及口腔黏膜疾病(H1405),"基于iPSC-MSCs细胞的3D打印生物材料构建及牙周再生效果评价	",殷晓晖,北京大学,21,2019-01-19,2019-12-22
2018,,,"81800989		", 牙周及口腔黏膜疾病(H1405),"黄连素调控肠道菌群对OVX大鼠牙周炎性骨吸收的作用和机制研究	","杨燃	","四川大学	",21,2019-01-19,2019-12-22
2018,,,"81800988		", 牙周及口腔黏膜疾病(H1405),"降钙素抑制NF-κB活性促牙周膜干细胞成骨分化的作用机制研究	","蔚一博	","中国人民解放军第二军医大学	",20,2019-01-19,2019-12-22
2018,,,"81800974		", 牙周及口腔黏膜疾病(H1405),"富组蛋白5通过PG1237抑制牙龈卟啉单胞菌共聚的分子机制研究	","王宏岩	","中国医科大学	",21,2019-01-19,2019-12-22
2018,,,"81800971		", 牙周及口腔黏膜疾病(H1405),"巨噬细胞外泌体对牙周膜干细胞再生潜能的调控及其机制研究	","田蓓敏	","中国人民解放军第四军医大学	",21,2019-01-19,2019-12-22
2018,,,"81800986		", 牙周及口腔黏膜疾病(H1405),"BMAL1介导牙龈卟啉单胞菌促动脉粥样硬化作用的机理研究 	",唐清明,"	华中科技大学	",22,2019-01-19,2019-12-22
2018,,,"81800972		", 牙周及口腔黏膜疾病(H1405),"miR-135依赖破骨细胞外泌体干扰牙槽骨代谢稳态的通讯分子机制研究	","谭静怡	","浙江大学	",22,2019-01-19,2019-12-22
2018,,,"81800981		", 牙周及口腔黏膜疾病(H1405),"辛伐他汀经AMPK激活ILC2s免疫调节治疗牙周炎的实验研究	","秦旭	","华中科技大学	",21,2019-01-19,2019-12-22
2018,,,"81800968		", 牙周及口腔黏膜疾病(H1405),"CD11c(high)MHC-II+树突状细胞在牙周炎症微环境中对Treg/Th17细胞分化的作用及机制研究	","罗振华	","首都医科大学	",21,2019-01-19,2019-12-22
2018,,,"81800982		", 牙周及口腔黏膜疾病(H1405),"组蛋白乙酰转移酶Mof通过调控‘Treg-Th17向偏移’影响慢性牙周炎的机制研究	",刘红蕊,"	山东大学	",21,2019-01-19,2019-12-22
2018,,,"81800973		", 牙周及口腔黏膜疾病(H1405),"PHD2基因沉默后骨髓间充质干细胞修复炎症微环境状态下大鼠牙周组织缺损的研究	","陈畅行	","南京大学	",21,2019-01-19,2019-12-22
2017,,32,"81771080		", 牙周及口腔黏膜疾病(H1405),"Exosome介导的T细胞信息传递在口腔扁平苔藓免疫炎性反应中的作用及机制研究	","周刚	","武汉大学	",56,2019-01-18,2019-12-21
2017,,,"81771076		", 牙周及口腔黏膜疾病(H1405),"PGRN促进炎性环境下牙周膜干细胞成骨分化和牙周再生的研究	","杨丕山	","山东大学	",56,2019-01-18,2019-12-21
2017,,,"81771078		", 牙周及口腔黏膜疾病(H1405),"PHD2基因沉默促进牙周膜细胞和骨髓间充质干细胞修复牙周组织缺损的研究	","闫福华	","南京大学	",56,2019-01-18,2019-12-21
2017,,,"81771074		", 牙周及口腔黏膜疾病(H1405),"A20基于细胞自噬调控牙周炎骨破坏的相关机制研究	","徐艳	",南京医科大学,72,2019-01-18,2019-12-21
2017,,,"81771077		", 牙周及口腔黏膜疾病(H1405),"具核梭杆菌与动脉粥样硬化的关系及机制研究	","吴亚菲	","四川大学	",54,2019-01-18,2019-12-21
2017,,,"81771069		", 牙周及口腔黏膜疾病(H1405),"牙周炎症微环境中牙周膜干细胞来源的外泌体对巨噬细胞功能的影响	","王勤涛	","中国人民解放军第四军医大学	",56,2019-01-18,2019-12-21
2017,,,"81771073		", 牙周及口腔黏膜疾病(H1405),"miRNA-155调控Th17/Treg平衡在口腔慢性移植物抗宿主病中的作用及机制研究	","陶人川	","广西医科大学	",56,2019-01-18,2019-12-21
2017,,,"81771075		", 牙周及口腔黏膜疾病(H1405),"牙龈卟啉单胞菌诱导的耐受对巨噬细胞免疫炎症反应的影响和机制研究	","孙颖	","南京医科大学	",51,2019-01-18,2019-12-21
2017,,,"81771082		", 牙周及口腔黏膜疾病(H1405),"低强度脉冲超声联合载二甲双胍超声微泡诱导自噬促进牙周炎组织修复的作用机制研究	","宋锦璘	","重庆医科大学	",54,2019-01-18,2019-12-21
2017,,,"81771085		", 牙周及口腔黏膜疾病(H1405),"精准挖掘牙周炎微生物组对糖尿病的免疫调控机制	","李燕	","四川大学	",56,2019-01-18,2019-12-21
2017,,,"81771079		", 牙周及口腔黏膜疾病(H1405),"circ-FOXO3负调控整合素β6信号促进牙周炎炎症反应的作用及机制研究	","邓小玲	","厦门大学	",25,2019-01-18,2019-12-19
2017,,,"81771072		", 牙周及口腔黏膜疾病(H1405),"自噬及其相关蛋白与IL-17相互级联作用持续活化牙槽骨破坏效应的信号传导机制研究	",陈莉丽,"浙江大学	",56,2019-01-18,2019-12-21
2017,,,"81700969		", 牙周及口腔黏膜疾病(H1405),"三维打印抗炎生物支架调控Wnt/β-catenin 信号通路促进牙周组织再生	","周影虹	","广州医科大学	",21,2019-01-18,2019-12-21
2017,,,"81700981		", 牙周及口腔黏膜疾病(H1405),"高糖微环境下TLR4/NF-κΒ/miR-31信号轴调控牙周膜干细胞成骨分化的机制研究	","甄蕾	","复旦大学	",20,2019-01-18,2019-12-21
2017,,,"81700982		", 牙周及口腔黏膜疾病(H1405),"低氧上调lncRNA-01126/HIF-1α/MAPK通路促进牙周炎发生发展的机制研究	","张晓南	","重庆医科大学	",19,2019-01-18,2019-12-21
2017,,,"81700990		", 牙周及口腔黏膜疾病(H1405),"双缓释载药壳聚糖/羟基磷灰石复合材料在牙周组织工程中的研究	","臧圣奇	","中国人民解放军东部战区总医院	",20,2019-01-18,2019-12-21
2017,,,"81700985		", 牙周及口腔黏膜疾病(H1405),"巨噬细胞精氨酸代谢失稳介导肥胖相关牙周组织破坏的代谢免疫学机制	","余挺	","广州医科大学	",20,2019-01-18,2019-12-21
2017,,,"81700974		", 牙周及口腔黏膜疾病(H1405),"炎症微环境下miR-511调控TLR4促进人牙周膜干细胞成骨分化的机制研究	","于博涵	","同济大学	",19,2019-01-18,2019-12-21
2017,,,"81700976		", 牙周及口腔黏膜疾病(H1405),"VEGF-B通过募集骨髓基质细胞并调控牙周炎症微环境影响牙槽骨再生的作用机制研究	","杨晓娟	","同济大学	",20,2019-01-18,2019-12-21
2017,,,"81700977		", 牙周及口腔黏膜疾病(H1405),"组织蛋白酶S介导的牙龈卟啉单胞菌脂多糖诱导血管反应在慢性牙周炎发生发展中的作用及机制研究	","阎旭	","中国医科大学	",19,2019-01-18,2019-12-21
2017,,,"81700978		", 牙周及口腔黏膜疾病(H1405),生物活性硅酸钙复合壳聚糖水凝胶改善炎症微环境促进牙周组织再生的研究,"	闫香珍	","同济大学	",20,2019-01-18,2019-12-21
2017,,,"81700968		", 牙周及口腔黏膜疾病(H1405),"牙周炎条件下MORF-PERK相互作用导致PDLSCs持久功能缺陷的机制研究	",薛芃,"中国人民解放军总医院	",21,2019-01-18,2019-12-21
2017,,,"81700980		", 牙周及口腔黏膜疾病(H1405),"金属蛋白酶BMP1/TLL1在牙、牙周组织生长发育中的作用及机制研究	","王骏	","四川大学	",20,2019-01-18,2019-12-21
2017,,,"81700970		", 牙周及口腔黏膜疾病(H1405),"LincRNA-Cox2调控牙龈卟啉单胞菌感染呼吸道上皮细胞炎症因子表达的研究	","谭丽思	","中国医科大学	",20,2019-01-18,2019-12-21
2017,,,"81700987		", 牙周及口腔黏膜疾病(H1405),"内质网应激对高糖环境下牙周膜干细胞成骨分化的调节机制研究	","谈珺	","中国人民解放军南部战区总医院	",20,2019-01-18,2019-12-21
2017,,,"81700972		", 牙周及口腔黏膜疾病(H1405),"骨髓来源的抑制性细胞在牙龈卟啉单胞菌介导的慢性感染中的作用	","宿凌恺	","浙江大学	",20,2019-01-18,2019-12-21
2017,,,"81700986		", 牙周及口腔黏膜疾病(H1405),"高糖通过组蛋白赖氨酸甲基转移酶SET7在促进P.g致病过程中的作用研究	","苗棣	","西安交通大学	",19,2019-01-18,2019-12-21
2017,,,"81700973		", 牙周及口腔黏膜疾病(H1405),"HIF-1α/VEGF和内质网应激PERK通路在慢性牙周炎低氧损伤中的交互作用及其机制研究	","李希庭	","中山大学	",20,2019-01-18,2019-12-21
2017,,,"81700975		", 牙周及口腔黏膜疾病(H1405),"吲哚信号对牙龈卟啉单胞菌抗生素耐受persisters的调控作用及机制研究	","李鹏	","北京大学	",20,2019-01-18,2019-12-21
2017,,,"81700983		", 牙周及口腔黏膜疾病(H1405),"牙龈卟啉单胞菌巯基蛋白酶及其突变体重组纯化与酶活性机制研究	","霍永标	","中山大学	",19,2019-01-18,2019-12-21
2017,,,"81700984		", 牙周及口腔黏膜疾病(H1405),"伴放线聚集杆菌通过微调过氧化氢促进副血链球菌生物膜形成及毒力的机制研究	","段丁瑜	","四川大学	",20,2019-01-18,2019-12-21
2017,,,"81700971		", 牙周及口腔黏膜疾病(H1405),"自噬对牙周炎微环境中牙周膜干细胞凋亡的调控及机制研究	","安莹	",中国人民解放军第四军医大学,21,2019-01-18,2019-12-21
2016,,23,"81670992		", 牙周及口腔黏膜疾病(H1405),"慢性牙周炎和阿尔茨海默病的相关性研究：淀粉样前体蛋白及代谢物的双向调节作用初探	","周薇	","上海交通大学	",58,2019-01-17,2019-12-20
2016,,,"81670989		", 牙周及口腔黏膜疾病(H1405),"口腔微生物群落在慢性牙周炎与慢性阻塞性肺疾病（COPD）相关性机制中作用的研究	","王左敏	","首都医科大学	",25,2019-01-17,2019-12-18
2016,,,"81670988		", 牙周及口腔黏膜疾病(H1405),"炎性因子IL-1β调控牙周膜干细胞α7 nAChR表达参与吸烟相关性牙周炎发生发展的机制研究	","王小竞	",中国人民解放军第四军医大学,57,2019-01-17,2019-12-20
2016,,,"81670999		", 牙周及口腔黏膜疾病(H1405),"骨化三醇通过LL-37/miR-21/PDCD4途径促进牙龈卟啉单胞菌内化牙龈上皮细胞自噬的机制研究	","唐晓琳	","中国医科大学	",58,2019-01-17,2019-12-20
2016,,,"81670997		", 牙周及口腔黏膜疾病(H1405),"牙龈卟啉单胞菌协同具核梭杆菌诱导牙龈上皮细胞间充质转化的机制研究	","潘亚萍	","中国医科大学	",55,2019-01-17,2019-12-20
2016,,,"81670996		", 牙周及口腔黏膜疾病(H1405),"TLR-RIP1/3-MLKL介导的死亡通路在牙周炎发病过程中的免疫调节作用	","李厚轩	","南京大学	",51,2019-01-17,2019-12-20
2016,,,"81670995		", 牙周及口腔黏膜疾病(H1405),"牙槽骨破坏的轻重度表相与背后宿主反应的差异的机制研究	","李成章	","武汉大学	",58,2019-01-17,2019-12-20
2016,,,"81670990		", 牙周及口腔黏膜疾病(H1405),"lncRNA-TNFRSF13C在侵袭性牙周炎中的作用及调控机制	","蒋少云	","天津医科大学	",25,2019-01-17,2019-12-18
2016,,,"81670993		", 牙周及口腔黏膜疾病(H1405),"bFGF和BMP-2序贯释放对牙周组织再生的影响	","葛少华	","山东大学	",58,2019-01-17,2019-12-20
2016,,,"81670994		", 牙周及口腔黏膜疾病(H1405),"声动力诱导牙菌斑中牙龈卟啉单胞菌的脂质与DNA氧化的机制研究	","毕良佳	","哈尔滨医科大学	",58,2019-01-17,2019-12-20
2016,,,"81600880		", 牙周及口腔黏膜疾病(H1405),"低氧诱导的ciRS-7/miR-7通过p38信号通路调控牙周膜干细胞成骨分化的机制	","郑晶晶	","西安交通大学	",17,2019-01-17,2019-12-19
2016,,,"81600869		", 牙周及口腔黏膜疾病(H1405),"牙龈卟啉单胞菌脂多糖体内诱导IL-10生成细胞在引起牙周炎方面的作用研究	","张薇	","复旦大学	",17,2019-01-17,2019-12-19
2016,,,"81600875		", 牙周及口腔黏膜疾病(H1405),"牙周病原菌及APS相关抗体对早产低体重儿的影响及机制研究	","叶畅畅	","四川大学	",17,2019-01-17,2019-12-19
2016,,,"81600865		", 牙周及口腔黏膜疾病(H1405),"牙龈炎中H2S调控牙龈干细胞功能及分子机制的研究	","杨瑞莉	","北京大学	",20,2019-01-17,2019-12-19
2016,,,"81600879		", 牙周及口腔黏膜疾病(H1405),"可注射温敏型水凝胶缓释Aspirin碳点和EPO促牙周组织再生的研究	","徐晓薇	","吉林大学	",17,2019-01-17,2019-12-19
2016,,,"81600873		", 牙周及口腔黏膜疾病(H1405),HIF-1α抑制人牙周膜成纤维细胞内毒素耐受在缺氧加重牙周炎中的作用和机制研究,"	武曦	","中国人民解放军第三军医大学	",17,2019-01-17,2019-12-19
2016,,,"81600870		", 牙周及口腔黏膜疾病(H1405),"调节性T细胞调控M1/M2型巨噬细胞免疫失衡在牙周炎中的作用研究	","王琳源	","锦州医科大学	",17,2019-01-17,2019-12-19
2016,,,"81600868		", 牙周及口腔黏膜疾病(H1405),"浓缩生长因子在牙周膜干细胞介导的牙周缺损再生中的作用及机制	","乔静	","北京大学	",17,2019-01-17,2019-12-19
2016,,,"81600866		", 牙周及口腔黏膜疾病(H1405),"应用NOD/SCID.e2f1小鼠模型研究FomA蛋白在牙周致病菌生物膜形成中的作用	","马丽	","天津医科大学	",17,2019-01-17,2019-12-19
2016,,,"81600867		", 牙周及口腔黏膜疾病(H1405),"NLRP6在牙周炎致病机制中的调控作用及机制研究	","刘健如	","北京大学	",17,2019-01-17,2019-12-19
2016,,,"81600871		", 牙周及口腔黏膜疾病(H1405),"FoxO1介导 Ptk1调控牙龈卟啉单胞菌侵袭血管内皮屏障的作用及机制	","刘程程	","四川大学	",18,2019-01-17,2019-12-19
2016,,,81600874, 牙周及口腔黏膜疾病(H1405),"味觉受体基因多态性与糖尿病患者牙周炎易感性的关联及分子机制研究	","何金枝	","四川大学	",20,2019-01-17,2019-12-19
2016,,,"81600882		", 牙周及口腔黏膜疾病(H1405),"长链非编码RNA BMP2-1通过调控BMP2表达影响人牙周膜干细胞成骨分化的功能及机制研究	","房付春	",南方医科大学,17,2019-01-17,2019-12-19
2015,,,"81570983		", 牙周及口腔黏膜疾病(H1405),"慢性牙周炎致老年认知功能障碍机制的研究	","周延民	","吉林大学	",51,2019-01-16,2019-12-19
2015,,,"81570989		", 牙周及口腔黏膜疾病(H1405),"牙龈卟啉单胞菌分泌牙龈素对动脉粥样硬化血管平滑肌细胞增殖的影响及其机制研究	","钟良军	","杭州师范大学	",51,2019-01-16,2019-12-19
2015,,,"81570982		", 牙周及口腔黏膜疾病(H1405),"炎性微环境下抗菌肽β防御素3及其基因修饰的金纳米颗粒修复牙周组织缺损的实验研究	","闫福华	","南京大学	",57,2019-01-16,2019-12-19
2015,,,"81570987		", 牙周及口腔黏膜疾病(H1405),"血管紧张素II在高血压介导的牙周病骨吸收过程中作用机制的研究	","王敏	","四川大学	",51,2019-01-16,2019-12-19
2015,,,"81570981		", 牙周及口腔黏膜疾病(H1405),"低强度脉冲超声协同DFCs/BMSCs诱导牙周组织再生的实验研究	","宋锦璘	","重庆医科大学	",57,2019-01-16,2019-12-19
2015,,,"81570977		", 牙周及口腔黏膜疾病(H1405),"载重组釉原蛋白纳米水凝胶的制备及其在牙周再生中的实验研究	","束蓉	","上海交通大学	",57,2019-01-16,2019-12-19
2015,,,"81570986		", 牙周及口腔黏膜疾病(H1405),"NOD样受体调控破骨细胞分化在牙周炎牙槽骨吸收中的作用	","欧阳翔英	","北京大学	",57,2019-01-16,2019-12-19
2015,,,"81570980		", 牙周及口腔黏膜疾病(H1405),"钙结合蛋白在牙周炎发病机制中的作用	","孟焕新	","北京大学	",57,2019-01-16,2019-12-19
2015,,,"81570988		", 牙周及口腔黏膜疾病(H1405),"Foxp3+调节性T细胞调控RANK-RANKL在牙周骨免疫中的作用机制	","林晓萍	",中国医科大学,57,2019-01-16,2019-12-19
2015,,,"81570984		", 牙周及口腔黏膜疾病(H1405),"B10细胞在改善牙周炎症中牙槽骨破坏的作用和相关机制研究 	","林江	","哈尔滨医科大学	",57,2019-01-16,2019-12-19
2015,,,"81570976		", 牙周及口腔黏膜疾病(H1405),"乙酰转移酶MORF调控内质网应激影响牙周膜干细胞再生能力的机制研究	","金钫	","中国人民解放军第四军医大学	",57,2019-01-16,2019-12-19
2015,,,"81570979		", 牙周及口腔黏膜疾病(H1405),"NFκB信号通路中泛素蛋白酶体系统在牙周病的发病机制和防治中的作用	","邓锋	","重庆医科大学	",57,2019-01-16,2019-12-19
2015,,,"81500854		", 牙周及口腔黏膜疾病(H1405),"牙周炎影响慢性阻塞性肺疾病的牙菌斑吸入途径的细菌学研究	","周璿	","首都医科大学	",18,2019-01-16,2019-12-19
2015,,,"81500858		", 牙周及口腔黏膜疾病(H1405),"应用基因敲除小鼠探讨组织蛋白酶S在慢性牙周炎进程中的作用及分子机理	","张馨文	","中国医科大学	",18,2019-01-16,2019-12-18
2015,,,"81500853		", 牙周及口腔黏膜疾病(H1405),"老龄化对牙周膜干细胞增殖及分化能力的影响及其机制研究	","张曦予	","中国人民解放军第四军医大学	",18,2019-01-16,2019-12-18
2015,,,"81500857		", 牙周及口腔黏膜疾病(H1405),"炎性环境下RIP3/caspase-8在牙周膜干细胞介导组织再生中的作用及机制研究	","张红梅	",中国人民解放军第四军医大学,18,2019-01-16,2019-12-18
2015,,,"81500848		", 牙周及口腔黏膜疾病(H1405),"基于炎性单核细胞探讨TLR4在糖尿病状态下牙周组织炎症中的作用研究	","杨熙	","南方医科大学	",18,2019-01-16,2019-12-18
2015,,,"81500852		", 牙周及口腔黏膜疾病(H1405),"炎症环境下活性氧调控牙周膜干细胞成骨向分化的机制研究	","严妍	","首都医科大学	",18,2019-01-16,2019-12-18
2015,,,"81500849		", 牙周及口腔黏膜疾病(H1405),"牙龈干细胞促进高脂血症小鼠牙周组织修复的抗炎机制研究	","徐全臣	","青岛大学	",17,2019-01-16,2019-12-18
2015,,,"81500863		", 牙周及口腔黏膜疾病(H1405),"线粒体功能障碍在侵袭性牙周炎发病机制中的作用	","王啸轩	","北京大学	",18,2019-01-16,2019-12-18
2015,,,"81500871		", 牙周及口腔黏膜疾病(H1405),"β-防御素2在IL-1β介导的活动性牙周炎中的免疫调控功能及其分子机制	","王盼盼	","中山大学	",18,2019-01-16,2019-12-18
2015,,,"81500866		", 牙周及口腔黏膜疾病(H1405),"Plectin对种植体周-结合上皮半桥粒结构的调控作用	","王敏	","武汉大学	",18,2019-01-16,2019-12-18
2015,,,"81500856		", 牙周及口腔黏膜疾病(H1405),"牙周病活动性的椅旁快速诊断电化学免疫传感器基础研究	","裴振华	","首都医科大学	",18,2019-01-16,2019-12-18
2015,,,"81500862		", 牙周及口腔黏膜疾病(H1405),"ANRIL对牙龈卟啉单胞菌感染牙周膜干细胞调控细胞周期作用的研究	","潘春玲	","中国医科大学	",18,2019-01-16,2019-12-18
2015,,,"81500867		", 牙周及口腔黏膜疾病(H1405),"Nrf2在牙周炎氧化应激微环境中促牙周膜干细胞修复组织缺损的作用及其机理研究	","刘艳丽	","中国人民解放军第四军医大学	",18,2019-01-16,2019-12-18
2015,,,"81500869		", 牙周及口腔黏膜疾病(H1405),"牙龈卟啉单胞菌肽酰精氨酸脱亚氨酶与类风湿性关节炎的相关机制研究	","刘静波	","中国医科大学	",17,2019-01-16,2019-12-18
2015,,,"81500851		", 牙周及口腔黏膜疾病(H1405),"HIF-1α-ROS-NF-κB信号通路介导心理应激加重牙周炎病变的作用机制研究	","李强	","中国人民解放军第四军医大学	",18,2019-01-16,2019-12-18
2015,,,"81500870		", 牙周及口腔黏膜疾病(H1405),"细菌信号分子c-di-AMP通过STING信号通路调节牙周固有免疫的实验研究	","侯晋	","南方医科大学	",18,2019-01-16,2019-12-18
2015,,,"81500872		", 牙周及口腔黏膜疾病(H1405),"氟磷灰石晶体—聚己内酯纳米纤维抗菌支架在诱导牙周组织再生中的研究	","郭婷	","南京大学	",18,2019-01-16,2019-12-18
2015,,,"81500861		", 牙周及口腔黏膜疾病(H1405),"雌激素相关受体α通过调节氧化应激水平对牙周膜干细胞成骨分化的调控作用	","蔡川	","中国人民解放军总医院	",18,2019-01-16,2019-12-18
2015,,,"81500859		", 牙周及口腔黏膜疾病(H1405),"维生素K依赖蛋白Gas6在牙龈卟啉单胞菌脂多糖对内皮细胞生物学影响中的作用	","安娜	","北京大学	",18,2019-01-16,2019-12-18
2014,,39,81470751, 牙周及口腔黏膜疾病(H1405), 基于牙周微环境调节的牙周组织再生研究, 刘怡, 首都医科大学,100, 2015-01-01, 2018-12-01
2014, , ,81470749, 牙周及口腔黏膜疾病(H1405), 低氧微环境下IL-17调控牙周炎骨破坏的作用机制研究, 徐艳, 南京医科大学,73, 2015-01-01, 2018-12-01
2014, , ,81470747, 牙周及口腔黏膜疾病(H1405), microRNA-155对口腔扁平苔藓Th细胞功能的调控机制研究, 周瑜, 四川大学,73, 2015-01-01, 2018-12-01
2014, , ,81470743, 牙周及口腔黏膜疾病(H1405), NF-kappaB-miR-30a-SOCS-3反馈环路在尼古丁促吸烟相关性牙周炎牙周组织炎性损伤中的作用及机制研究, 王小竞, 中国人民解放军第四军医大学,73, 2015-01-01, 2018-12-01
2014, , ,81470746, 牙周及口腔黏膜疾病(H1405), 口腔扁平苔藓遗传-环境因素交互作用及协同致病机理研究, 廖玍, 四川大学,73, 2015-01-01, 2018-12-01
2014, , ,81470737, 牙周及口腔黏膜疾病(H1405), 基于病毒宏基因组学技术研究牙菌斑内的病毒群落及其对慢性牙周炎的作用, 冯希平, 上海交通大学,73, 2015-01-01, 2018-12-01
2014, , ,81470742, 牙周及口腔黏膜疾病(H1405), 内质网应激在牙周炎性环境影响牙周膜干细胞功能中的机制研究, 王勤涛, 中国人民解放军第四军医大学,73, 2015-01-01, 2018-12-01
2014, , ,81470736, 牙周及口腔黏膜疾病(H1405), 三羧酸循环代谢物失衡在口腔扁平苔藓炎症转化中的作用, 孙红英, 复旦大学,73, 2015-01-01, 2018-12-01
2014, , ,81470738, 牙周及口腔黏膜疾病(H1405), 铁蛋白在牙周炎发生发展及组织修复中的作用及其机制研究, 侯建霞, 北京大学,73, 2015-01-01, 2018-12-01
2014, , ,81470741, 牙周及口腔黏膜疾病(H1405), RNA可变剪切调控因子hnRNP C在口腔黏膜异常增生演变中的作用和机制研究, 贾荣, 武汉大学,73, 2015-01-01, 2018-12-01
2014, , ,81470739, 牙周及口腔黏膜疾病(H1405), 人牙龈成纤维细胞源的诱导多能干细胞实现牙周组织再生的研究, 栾庆先, 北京大学,73, 2015-01-01, 2018-12-01
2014, , ,81470752, 牙周及口腔黏膜疾病(H1405), nAChR/Prx1轴在烟草相关口腔白斑细胞凋亡中的作用及机制, 汤晓飞, 首都医科大学,73, 2015-01-01, 2018-12-01
2014, , ,81470745, 牙周及口腔黏膜疾病(H1405), 牙龈卟啉单胞菌促进牙龈上皮细胞增殖及恶性转化的机制研究, 潘亚萍, 中国医科大学,73, 2015-01-01, 2018-12-01
2014, , ,81470740, 牙周及口腔黏膜疾病(H1405), 牙周致病菌诱导的调节性B细胞的生成及分子机制研究, 于晓潜, 北京大学,73, 2015-01-01, 2018-12-01
2014, , ,81470748, 牙周及口腔黏膜疾病(H1405), 趋化因子免疫调控网络系统在口腔扁平苔藓发病机制中的作用, 范媛, 南京医科大学,67, 2015-01-01, 2018-12-01
2014, , ,81470753, 牙周及口腔黏膜疾病(H1405), 牙龈卟啉单胞菌血凝素2与氯化血红素结合位点分析, 杨秋波, 首都医科大学,67, 2015-01-01, 2018-12-01
2014, , ,81470744, 牙周及口腔黏膜疾病(H1405), MicroRNA-155对牙龈卟啉单胞菌OmpH诱导巨噬细胞Pyroptosis调控机制研究, 林莉, 中国医科大学,67, 2015-01-01, 2018-12-01
2014, , ,81470754, 牙周及口腔黏膜疾病(H1405), BMAL1调控间充质干细胞在糖尿病性牙周炎骨缺损修复的机制, 郭斌, 中国人民解放军总医院,67, 2015-01-01, 2018-12-01
2014, , ,81470750, 牙周及口腔黏膜疾病(H1405), 肥胖相关巨噬细胞在牙周组织破坏中的作用及其表观遗传学机制, 轩东英, 南方医科大学,67, 2015-01-01, 2018-12-01
2014, , ,81460104, 牙周及口腔黏膜疾病(H1405), IL-35(iTr35）在口腔扁平苔藓Th17/Treg平衡中的作用, 蔡扬, 贵阳医学院,47, 2015-01-01, 2018-12-01
2014, , ,81460103, 牙周及口腔黏膜疾病(H1405), Notch信号通路对炎症状态下TGF-β1诱导的牙周膜干细胞向成骨细胞表型转化中作用和机制, 吴佩玲, 新疆医科大学,47, 2015-01-01, 2018-12-01
2014, , ,81460105, 牙周及口腔黏膜疾病(H1405), 槟榔碱口服诱导小鼠口腔黏膜下纤维化模型的建立及VEGF基因诱导血管生成的实验研究, 王涛, 海南省人民医院,47, 2015-01-01, 2018-12-01
2014, , ,81400524, 牙周及口腔黏膜疾病(H1405), visfatin在伴糖尿病的牙周炎炎性调控机制中的作用, 张慧慧, 武汉大学,23, 2015-01-01, 2017-12-01
2014, , ,81400510, 牙周及口腔黏膜疾病(H1405), 牙周共生菌和病原菌促进NLRP3依赖的IL-1β差异性表达的分子机制研究, 丁佩惠, 浙江大学,23, 2015-01-01, 2017-12-01
2014, , ,81400519, 牙周及口腔黏膜疾病(H1405), 肝细胞生长因子修饰的牙周膜干细胞再生牙周组织的效果及机制研究, 曹钰, 首都医科大学,23, 2015-01-01, 2017-12-01
2014, , ,81400525, 牙周及口腔黏膜疾病(H1405), WDFY4基因在口腔扁平苔藓进程中的作用和机制研究, 王甲一, 四川大学,23, 2015-01-01, 2017-12-01
2014, , ,81400512, 牙周及口腔黏膜疾病(H1405), 口腔扁平苔鲜中树突状细胞亚群及其Toll样受体表达谱的研究, 王宇峰, 上海交通大学,23, 2015-01-01, 2017-12-01
2014, , ,81400522, 牙周及口腔黏膜疾病(H1405), Klotho在糖尿病中调控牙周膜成纤维细胞凋亡的机制, 叶瑞, 四川大学,23, 2015-01-01, 2017-12-01
2014, , ,81400514, 牙周及口腔黏膜疾病(H1405), 丹酚酸 B 干预口腔白斑恶变的线粒体蛋白质组学研究, 卫婕, 上海交通大学,23, 2015-01-01, 2017-12-01
2014, , ,81400517, 牙周及口腔黏膜疾病(H1405), Act1与IL-17/IL-17R串话在口腔扁平苔藓发生发展中作用的研究, 王辉, 首都医科大学,23, 2015-01-01, 2017-12-01
2014, , ,81400511, 牙周及口腔黏膜疾病(H1405), Notch1信号通路介导的短链NELL-1诱导人牙囊干细胞成骨作用的研究, 陈学鹏, 浙江大学,23, 2015-01-01, 2017-12-01
2014, , ,81400516, 牙周及口腔黏膜疾病(H1405), LP-17多肽在牙龈卟啉单胞菌脂多糖致牙周炎中的免疫调节作用, 雷浪, 福建医科大学,23, 2015-01-01, 2017-12-01
2014, , ,81400509, 牙周及口腔黏膜疾病(H1405), 牙周炎诱导脂肪组织炎症促进胰岛素抵抗的分子机制研究, 苏媛, 南方医科大学,23, 2015-01-01, 2017-12-01
2014, , ,81400518, 牙周及口腔黏膜疾病(H1405), 巨噬细胞移动抑制因子在牙龈卟啉单胞菌增强血管内皮细胞黏附活性中的作用机制研究, 张冬梅, 中国医科大学,23, 2015-01-01, 2017-12-01
2014, , ,81400520, 牙周及口腔黏膜疾病(H1405), Th17细胞作为牙龈卟啉单胞菌感染免疫应答的参与者与ApoE-/-小鼠动脉粥样硬化进展的相关研究, 蔡宇, 北京大学,23, 2015-01-01, 2017-12-01
2014, , ,81400521, 牙周及口腔黏膜疾病(H1405), PI3K/Akt/mTOR-自噬在牙周炎骨吸收中的作用及机制研究, 周倩, 南京大学,23, 2015-01-01, 2017-12-01
2014, , ,81400515, 牙周及口腔黏膜疾病(H1405), 伴放线放线杆菌在牙周炎与胃癌相关性中的作用机制的研究, 孙静华, 首都医科大学,23, 2015-01-01, 2017-12-01
2014, , ,81400513, 牙周及口腔黏膜疾病(H1405), 口腔白斑癌变过程中DNA损伤信号通路相关lncRNA的筛选及其调控机制的研究, 吴岚, 上海交通大学,23, 2015-01-01, 2017-12-01
2014, , ,81400523, 牙周及口腔黏膜疾病(H1405), 组织蛋白酶K作为骨免疫基因在牙周病伴发关节炎疾病中功能的研究, 郝亮, 四川大学,23, 2015-01-01, 2017-12-01
2013,,31,81371151, 牙周及口腔黏膜疾病(H1405), 巨噬细胞介导牙周炎促进肥胖性胰岛素抵抗的表观遗传调控, 章锦才, 南方医科大学,70, 2014-01-01, 2017-12-01
2013, , ,81371146, 牙周及口腔黏膜疾病(H1405), EMMPRIN糖基化对EMMPRIN-MMPs-牙周炎路径效应影响的研究, 李成章, 武汉大学,70, 2014-01-01, 2017-12-01
2013, , ,81371147, 牙周及口腔黏膜疾病(H1405), T细胞自噬在口腔扁平苔藓中的作用及其调控机制的研究, 周刚, 武汉大学,70, 2014-01-01, 2017-12-01
2013, , ,81371150, 牙周及口腔黏膜疾病(H1405), 牙龈卟啉单胞菌能量代谢基因群对其致病力影响的研究, 吴亚菲, 四川大学,70, 2014-01-01, 2017-12-01
2013, , ,81371155, 牙周及口腔黏膜疾病(H1405), 自噬调控炎症环境下牙周膜干细胞生物学特性的分子机制及其在牙周再生中的作用, 张勇杰, 中国人民解放军第四军医大学,70, 2014-01-01, 2017-12-01
2013, , ,81371158, 牙周及口腔黏膜疾病(H1405), 白假丝酵母菌表现型耐药滞留菌相关基因的单细胞表达分析及协助清除滞留菌的小分子佐剂的筛选, 亓庆国, 山东大学,70, 2014-01-01, 2017-12-01
2013, , ,81371148, 牙周及口腔黏膜疾病(H1405), 口腔白斑癌变微环境中CCL18调控上皮细胞可塑性的作用及机制研究, 夏娟, 中山大学,70, 2014-01-01, 2017-12-01
2013, , ,81371157, 牙周及口腔黏膜疾病(H1405), PTH和SDF-1介导的双向干细胞效应对牙周组织再生的影响, 葛少华, 山东大学,70, 2014-01-01, 2017-12-01
2013, , ,81371152, 牙周及口腔黏膜疾病(H1405), β防御素在牙龈卟啉单胞菌脂多糖促动脉粥样硬化形成中的保护作用, 闫福华, 南京大学,70, 2014-01-01, 2017-12-01
2013, , ,81370025, 牙周及口腔黏膜疾病(H1405), 中性粒细胞与单核/巨噬细胞在牙龈卟啉单胞菌诱导的内毒素耐受中的相互影响研究, 孙颖, 南京医科大学,70, 2014-01-01, 2017-12-01
2013, , ,81371156, 牙周及口腔黏膜疾病(H1405), 法尼醇对白念珠菌生物膜耐药相关信号通路的调控机制, 魏昕, 南京医科大学,70, 2014-01-01, 2017-12-01
2013, , ,81371145, 牙周及口腔黏膜疾病(H1405), Fas/FasL信号通路在牙龈卟啉单胞菌引起孕妇早产中的作用研究, 杜民权, 武汉大学,69, 2014-01-01, 2017-12-01
2013, , ,81371154, 牙周及口腔黏膜疾病(H1405), 组织蛋白酶C调控上皮细胞免疫防御的作用及分子途径, 王新文, 中国人民解放军第四军医大学,69, 2014-01-01, 2017-12-01
2013, , ,81371153, 牙周及口腔黏膜疾病(H1405), MT01对成/破骨细胞TLR9激活的抑制及其对牙槽骨吸收的影响, 林崇韬, 吉林大学,69, 2014-01-01, 2017-12-01
2013, , ,81371149, 牙周及口腔黏膜疾病(H1405), 基于SPP集成生化传感芯片技术的牙周病早期诊断研究, 丁一, 四川大学,68, 2014-01-01, 2017-12-01
2013, , ,81360168, 牙周及口腔黏膜疾病(H1405), Wnt信号通路介导AGEs调控牙周膜干细胞成骨能力的分子机制及其在2型糖尿病伴牙周炎牙周组织缺损治疗作用研究, 刘琪, 遵义医学院,49, 2014-01-01, 2017-12-01
2013, , ,81300888, 牙周及口腔黏膜疾病(H1405), 白色念珠菌分泌型天冬氨酸蛋白酶致病机制及抑制剂的数值模拟研究与初步实验验证, 林玉春, 四川大学,24, 2014-01-01, 2016-12-01
2013, , ,81300887, 牙周及口腔黏膜疾病(H1405), ABC转运蛋白相关基因在牙龈卟啉单胞菌致病过程中作用的研究, 高雳, 中山大学,23, 2014-01-01, 2016-12-01
2013, , ,81300884, 牙周及口腔黏膜疾病(H1405), 牙龈炎症环境中环孢素A阻断亲环素A与CD147结合途径探讨, 姜蕾, 中国人民解放军第二军医大学,23, 2014-01-01, 2016-12-01
2013, , ,81300891, 牙周及口腔黏膜疾病(H1405), Th22细胞亚群在口腔扁平苔藓发病机制中的作用研究, 柏景坪, 首都医科大学,23, 2014-01-01, 2016-12-01
2013, , ,81300886, 牙周及口腔黏膜疾病(H1405), Pyk2调控牙龈卟啉单胞菌内化及牙龈上皮细胞自噬的分子机制研究, 寇育荣, 中国医科大学,23, 2014-01-01, 2016-12-01
2013, , ,81300889, 牙周及口腔黏膜疾病(H1405)," NF-κB信号通路在雌激素牙周""骨保护效应""中的调控作用及机制研究", 束嫘, 安徽医科大学,23, 2014-01-01, 2016-12-01
2013, , ,81300882, 牙周及口腔黏膜疾病(H1405), 以IL-23/IL-17通路为核心的免疫调控网络在口腔扁平苔藓发病与防治中的作用, 刘文钊, 重庆医科大学,23, 2014-01-01, 2016-12-01
2013, , ,81300885, 牙周及口腔黏膜疾病(H1405), Yap基因对牙周膜干细胞的干性维持及增殖分化的影响, 文勇, 山东大学,23, 2014-01-01, 2016-12-01
2013, , ,81300881, 牙周及口腔黏膜疾病(H1405), 脂质信号分子15d-PGJ2调控牙周炎性微环境下NFATc1介导的破骨细胞分化机制, 吴燕岷, 浙江大学,23, 2014-01-01, 2016-12-01
2013, , ,81300892, 牙周及口腔黏膜疾病(H1405), 马氏上皮剩余通过与牙周韧带干细胞相互作用促进牙周再生研究, 熊纪敏, 首都医科大学,23, 2014-01-01, 2016-12-01
2013, , ,81300880, 牙周及口腔黏膜疾病(H1405), 口腔微生物代谢功能与牙周病致病机制的关系研究, 张翼飞, 北京大学,23, 2014-01-01, 2016-12-01
2013, , ,81300883, 牙周及口腔黏膜疾病(H1405), 新型MMPs抑制剂RECK在牙周炎组织降解中的调控机制研究, 朱光勋, 华中科技大学,23, 2014-01-01, 2016-12-01
2013, , ,81300890, 牙周及口腔黏膜疾病(H1405), C反应蛋白通过下调IRS-2信号介导牙周炎加重糖尿病的机制研究, 陈蕾, 南方医科大学,23, 2014-01-01, 2016-12-01
2013, , ,81300879, 牙周及口腔黏膜疾病(H1405), 实验性牙周炎促血小板CD62P和CD63表达的作用及干预对其表达的影响, 路瑞芳, 北京大学,23, 2014-01-01, 2016-12-01
2013, , ,81341032, 牙周及口腔黏膜疾病(H1405), 微生物诱导T细胞免疫应答在口面部肉芽肿病发病中作用, 刘洋, 北京大学,10, 2014-01-01, 2014-12-01
